Workbook

Sheet Raw Data
A1: Highways & Engineering Division — Monthly Performance Data
A2: Bolton Council | Data Entry Sheet — Update monthly figures in blue cells
A3: Month | B3: Year | C3: Pothole Repairs Completed | D3: Pothole Repair Target | E3: Avg Response Time (Days) | F3: Response Time Target (Days) | G3: Planned Maintenance Jobs | H3: Reactive Maintenance Jobs | I3: Inspections Completed | J3: Inspections Target | K3: Complaints Resolved in SLA
A4: Jan | B4: 2025 | C4: 142 | D4: 150 | E4: 4.2 | F4: 5 | G4: 38 | H4: 104 | I4: 28 | J4: 30 | K4: 91
A5: Feb | B5: 2025 | C5: 138 | D5: 150 | E5: 4.8 | F5: 5 | G5: 35 | H5: 103 | I5: 26 | J5: 30 | K5: 88
A6: Mar | B6: 2025 | C6: 155 | D6: 150 | E6: 3.9 | F6: 5 | G6: 42 | H6: 113 | I6: 31 | J6: 30 | K6: 94
A7: Apr | B7: 2025 | C7: 161 | D7: 150 | E7: 3.5 | F7: 5 | G7: 45 | H7: 116 | I7: 30 | J7: 30 | K7: 97
A8: May | B8: 2025 | C8: 173 | D8: 150 | E8: 3.2 | F8: 5 | G8: 48 | H8: 125 | I8: 32 | J8: 30 | K8: 96
A9: Jun | B9: 2025 | C9: 168 | D9: 150 | E9: 3.8 | F9: 5 | G9: 44 | H9: 124 | I9: 29 | J9: 30 | K9: 92
A10: Jul | B10: 2025 | C10: 159 | D10: 150 | E10: 4.1 | F10: 5 | G10: 40 | H10: 119 | I10: 31 | J10: 30 | K10: 90
A11: Aug | B11: 2025 | C11: 145 | D11: 150 | E11: 4.6 | F11: 5 | G11: 37 | H11: 108 | I11: 27 | J11: 30 | K11: 85
A12: Sep | B12: 2025 | C12: 152 | D12: 150 | E12: 4.3 | F12: 5 | G12: 41 | H12: 111 | I12: 30 | J12: 30 | K12: 93
A13: Oct | B13: 2025 | C13: 148 | D13: 150 | E13: 4.7 | F13: 5 | G13: 39 | H13: 109 | I13: 28 | J13: 30 | K13: 89
A14: Nov | B14: 2025 | C14: 134 | D14: 150 | E14: 5.1 | F14: 5 | G14: 34 | H14: 100 | I14: 25 | J14: 30 | K14: 82
A15: Dec | B15: 2025 | C15: 128 | D15: 150 | E15: 5.4 | F15: 5 | G15: 30 | H15: 98 | I15: 24 | J15: 30 | K15: 79

Sheet KPI Dashboard
A1: HIGHWAYS & ENGINEERING DIVISION
A2: Key Performance Indicator Dashboard | Bolton Council | Full Year 2025
B4: Pothole Repairs Completed (YTD) | E4: Avg Response Time (Days) | H4: Planned / Reactive Ratio | K4: Inspection Completion Rate
B5: =SUM('Raw Data'!C4:C15) -> 1803 | E5: =AVERAGE('Raw Data'!E4:E15) -> 4.3 | H5: =TEXT(SUM('Raw Data'!G4:G15)/SUM('Raw Data'!H4:H15),"0.00")&" : 1" -> 0.36 : 1 | K5: =SUM('Raw Data'!I4:I15) -> 341
B7: Target | C7: =SUM('Raw Data'!D4:D15) -> 1800 | E7: Target | F7: =AVERAGE('Raw Data'!F4:F15) -> 5 | H7: Target | I7: "0.35 : 1" | K7: Target | L7: =SUM('Raw Data'!J4:J15) -> 360
B8: Achievement | C8: =SUM('Raw Data'!C4:C15)/SUM('Raw Data'!D4:D15) -> 1.0016667 | E8: Achievement | F8: =AVERAGE('Raw Data'!F4:F15)/AVERAGE('Raw Data'!E4:E15) -> 1.1627907 | H8: Achievement | I8: =SUM('Raw Data'!G4:G15)/(SUM('Raw Data'!G4:G15)+SUM('Raw Data'!H4:H15)) -> 0.26234054 | K8: Achievement | L8: =SUM('Raw Data'!I4:I15)/SUM('Raw Data'!J4:J15) -> 0.94722222
B9: =IF(SUM('Raw Data'!C4:C15)/SUM('Raw Data'!D4:D15)>=1,"✔ ON TARGET",IF(SUM('Raw Data'!C4:C15)/SUM('Raw Data'!D4:D15)>=0.9,"⚠ NEAR TARGET","✘ BELOW TARGET")) -> ✔ ON TARGET | E9: =IF(AVERAGE('Raw Data'!E4:E15)<=AVERAGE('Raw Data'!F4:F15),"✔ ON TARGET",IF(AVERAGE('Raw Data'!E4:E15)<=AVERAGE('Raw Data'!F4:F15)*1.1,"⚠ NEAR TARGET","✘ BELOW TARGET")) -> ✔ ON TARGET | H9: =IF(SUM('Raw Data'!G4:G15)/SUM('Raw Data'!H4:H15)>=0.35,"✔ ON TARGET","⚠ NEAR TARGET") -> ✔ ON TARGET | K9: =IF(SUM('Raw Data'!I4:I15)/SUM('Raw Data'!J4:J15)>=1,"✔ ON TARGET",IF(SUM('Raw Data'!I4:I15)/SUM('Raw Data'!J4:J15)>=0.9,"⚠ NEAR TARGET","✘ BELOW TARGET")) -> ⚠ NEAR TARGET
B11: Monthly Performance Summary
B12: Month | C12: Repairs Completed | D12: Repair Target | E12: Repair % | F12: Avg Response (Days) | G12: Response Target | H12: Response RAG | I12: Inspections | J12: Insp. Target | K12: Insp. % | L12: Complaints in SLA % | M12: RAG Status
B13: Jan | C13: ='Raw Data'!C4 -> 142 | D13: ='Raw Data'!D4 -> 150 | E13: ='Raw Data'!C4/'Raw Data'!D4 -> 0.94666667 | F13: ='Raw Data'!E4 -> 4.2 | G13: ='Raw Data'!F4 -> 5 | H13: =IF('Raw Data'!E4<='Raw Data'!F4,"✔",IF('Raw Data'!E4<='Raw Data'!F4*1.1,"⚠","✘")) -> ✔ | I13: ='Raw Data'!I4 -> 28 | J13: ='Raw Data'!J4 -> 30 | K13: ='Raw Data'!I4/'Raw Data'!J4 -> 0.93333333 | L13: ='Raw Data'!K4/100 -> 0.91 | M13: =IF('Raw Data'!C4>='Raw Data'!D4,"✔ On Target",IF('Raw Data'!C4>='Raw Data'!D4*0.9,"⚠ Near Target","✘ Below")) -> ⚠ Near Target
B14: Feb | C14: ='Raw Data'!C5 -> 138 | D14: ='Raw Data'!D5 -> 150 | E14: ='Raw Data'!C5/'Raw Data'!D5 -> 0.92 | F14: ='Raw Data'!E5 -> 4.8 | G14: ='Raw Data'!F5 -> 5 | H14: =IF('Raw Data'!E5<='Raw Data'!F5,"✔",IF('Raw Data'!E5<='Raw Data'!F5*1.1,"⚠","✘")) -> ✔ | I14: ='Raw Data'!I5 -> 26 | J14: ='Raw Data'!J5 -> 30 | K14: ='Raw Data'!I5/'Raw Data'!J5 -> 0.86666667 | L14: ='Raw Data'!K5/100 -> 0.88 | M14: =IF('Raw Data'!C5>='Raw Data'!D5,"✔ On Target",IF('Raw Data'!C5>='Raw Data'!D5*0.9,"⚠ Near Target","✘ Below")) -> ⚠ Near Target
B15: Mar | C15: ='Raw Data'!C6 -> 155 | D15: ='Raw Data'!D6 -> 150 | E15: ='Raw Data'!C6/'Raw Data'!D6 -> 1.0333333 | F15: ='Raw Data'!E6 -> 3.9 | G15: ='Raw Data'!F6 -> 5 | H15: =IF('Raw Data'!E6<='Raw Data'!F6,"✔",IF('Raw Data'!E6<='Raw Data'!F6*1.1,"⚠","✘")) -> ✔ | I15: ='Raw Data'!I6 -> 31 | J15: ='Raw Data'!J6 -> 30 | K15: ='Raw Data'!I6/'Raw Data'!J6 -> 1.0333333 | L15: ='Raw Data'!K6/100 -> 0.94 | M15: =IF('Raw Data'!C6>='Raw Data'!D6,"✔ On Target",IF('Raw Data'!C6>='Raw Data'!D6*0.9,"⚠ Near Target","✘ Below")) -> ✔ On Target
B16: Apr | C16: ='Raw Data'!C7 -> 161 | D16: ='Raw Data'!D7 -> 150 | E16: ='Raw Data'!C7/'Raw Data'!D7 -> 1.0733333 | F16: ='Raw Data'!E7 -> 3.5 | G16: ='Raw Data'!F7 -> 5 | H16: =IF('Raw Data'!E7<='Raw Data'!F7,"✔",IF('Raw Data'!E7<='Raw Data'!F7*1.1,"⚠","✘")) -> ✔ | I16: ='Raw Data'!I7 -> 30 | J16: ='Raw Data'!J7 -> 30 | K16: ='Raw Data'!I7/'Raw Data'!J7 -> 1 | L16: ='Raw Data'!K7/100 -> 0.97 | M16: =IF('Raw Data'!C7>='Raw Data'!D7,"✔ On Target",IF('Raw Data'!C7>='Raw Data'!D7*0.9,"⚠ Near Target","✘ Below")) -> ✔ On Target
B17: May | C17: ='Raw Data'!C8 -> 173 | D17: ='Raw Data'!D8 -> 150 | E17: ='Raw Data'!C8/'Raw Data'!D8 -> 1.1533333 | F17: ='Raw Data'!E8 -> 3.2 | G17: ='Raw Data'!F8 -> 5 | H17: =IF('Raw Data'!E8<='Raw Data'!F8,"✔",IF('Raw Data'!E8<='Raw Data'!F8*1.1,"⚠","✘")) -> ✔ | I17: ='Raw Data'!I8 -> 32 | J17: ='Raw Data'!J8 -> 30 | K17: ='Raw Data'!I8/'Raw Data'!J8 -> 1.0666667 | L17: ='Raw Data'!K8/100 -> 0.96 | M17: =IF('Raw Data'!C8>='Raw Data'!D8,"✔ On Target",IF('Raw Data'!C8>='Raw Data'!D8*0.9,"⚠ Near Target","✘ Below")) -> ✔ On Target
B18: Jun | C18: ='Raw Data'!C9 -> 168 | D18: ='Raw Data'!D9 -> 150 | E18: ='Raw Data'!C9/'Raw Data'!D9 -> 1.12 | F18: ='Raw Data'!E9 -> 3.8 | G18: ='Raw Data'!F9 -> 5 | H18: =IF('Raw Data'!E9<='Raw Data'!F9,"✔",IF('Raw Data'!E9<='Raw Data'!F9*1.1,"⚠","✘")) -> ✔ | I18: ='Raw Data'!I9 -> 29 | J18: ='Raw Data'!J9 -> 30 | K18: ='Raw Data'!I9/'Raw Data'!J9 -> 0.96666667 | L18: ='Raw Data'!K9/100 -> 0.92 | M18: =IF('Raw Data'!C9>='Raw Data'!D9,"✔ On Target",IF('Raw Data'!C9>='Raw Data'!D9*0.9,"⚠ Near Target","✘ Below")) -> ✔ On Target
B19: Jul | C19: ='Raw Data'!C10 -> 159 | D19: ='Raw Data'!D10 -> 150 | E19: ='Raw Data'!C10/'Raw Data'!D10 -> 1.06 | F19: ='Raw Data'!E10 -> 4.1 | G19: ='Raw Data'!F10 -> 5 | H19: =IF('Raw Data'!E10<='Raw Data'!F10,"✔",IF('Raw Data'!E10<='Raw Data'!F10*1.1,"⚠","✘")) -> ✔ | I19: ='Raw Data'!I10 -> 31 | J19: ='Raw Data'!J10 -> 30 | K19: ='Raw Data'!I10/'Raw Data'!J10 -> 1.0333333 | L19: ='Raw Data'!K10/100 -> 0.9 | M19: =IF('Raw Data'!C10>='Raw Data'!D10,"✔ On Target",IF('Raw Data'!C10>='Raw Data'!D10*0.9,"⚠ Near Target","✘ Below")) -> ✔ On Target
B20: Aug | C20: ='Raw Data'!C11 -> 145 | D20: ='Raw Data'!D11 -> 150 | E20: ='Raw Data'!C11/'Raw Data'!D11 -> 0.96666667 | F20: ='Raw Data'!E11 -> 4.6 | G20: ='Raw Data'!F11 -> 5 | H20: =IF('Raw Data'!E11<='Raw Data'!F11,"✔",IF('Raw Data'!E11<='Raw Data'!F11*1.1,"⚠","✘")) -> ✔ | I20: ='Raw Data'!I11 -> 27 | J20: ='Raw Data'!J11 -> 30 | K20: ='Raw Data'!I11/'Raw Data'!J11 -> 0.9 | L20: ='Raw Data'!K11/100 -> 0.85 | M20: =IF('Raw Data'!C11>='Raw Data'!D11,"✔ On Target",IF('Raw Data'!C11>='Raw Data'!D11*0.9,"⚠ Near Target","✘ Below")) -> ⚠ Near Target
B21: Sep | C21: ='Raw Data'!C12 -> 152 | D21: ='Raw Data'!D12 -> 150 | E21: ='Raw Data'!C12/'Raw Data'!D12 -> 1.0133333 | F21: ='Raw Data'!E12 -> 4.3 | G21: ='Raw Data'!F12 -> 5 | H21: =IF('Raw Data'!E12<='Raw Data'!F12,"✔",IF('Raw Data'!E12<='Raw Data'!F12*1.1,"⚠","✘")) -> ✔ | I21: ='Raw Data'!I12 -> 30 | J21: ='Raw Data'!J12 -> 30 | K21: ='Raw Data'!I12/'Raw Data'!J12 -> 1 | L21: ='Raw Data'!K12/100 -> 0.93 | M21: =IF('Raw Data'!C12>='Raw Data'!D12,"✔ On Target",IF('Raw Data'!C12>='Raw Data'!D12*0.9,"⚠ Near Target","✘ Below")) -> ✔ On Target
B22: Oct | C22: ='Raw Data'!C13 -> 148 | D22: ='Raw Data'!D13 -> 150 | E22: ='Raw Data'!C13/'Raw Data'!D13 -> 0.98666667 | F22: ='Raw Data'!E13 -> 4.7 | G22: ='Raw Data'!F13 -> 5 | H22: =IF('Raw Data'!E13<='Raw Data'!F13,"✔",IF('Raw Data'!E13<='Raw Data'!F13*1.1,"⚠","✘")) -> ✔ | I22: ='Raw Data'!I13 -> 28 | J22: ='Raw Data'!J13 -> 30 | K22: ='Raw Data'!I13/'Raw Data'!J13 -> 0.93333333 | L22: ='Raw Data'!K13/100 -> 0.89 | M22: =IF('Raw Data'!C13>='Raw Data'!D13,"✔ On Target",IF('Raw Data'!C13>='Raw Data'!D13*0.9,"⚠ Near Target","✘ Below")) -> ⚠ Near Target
B23: Nov | C23: ='Raw Data'!C14 -> 134 | D23: ='Raw Data'!D14 -> 150 | E23: ='Raw Data'!C14/'Raw Data'!D14 -> 0.89333333 | F23: ='Raw Data'!E14 -> 5.1 | G23: ='Raw Data'!F14 -> 5 | H23: =IF('Raw Data'!E14<='Raw Data'!F14,"✔",IF('Raw Data'!E14<='Raw Data'!F14*1.1,"⚠","✘")) -> ⚠ | I23: ='Raw Data'!I14 -> 25 | J23: ='Raw Data'!J14 -> 30 | K23: ='Raw Data'!I14/'Raw Data'!J14 -> 0.83333333 | L23: ='Raw Data'!K14/100 -> 0.82 | M23: =IF('Raw Data'!C14>='Raw Data'!D14,"✔ On Target",IF('Raw Data'!C14>='Raw Data'!D14*0.9,"⚠ Near Target","✘ Below")) -> ✘ Below
B24: Dec | C24: ='Raw Data'!C15 -> 128 | D24: ='Raw Data'!D15 -> 150 | E24: ='Raw Data'!C15/'Raw Data'!D15 -> 0.85333333 | F24: ='Raw Data'!E15 -> 5.4 | G24: ='Raw Data'!F15 -> 5 | H24: =IF('Raw Data'!E15<='Raw Data'!F15,"✔",IF('Raw Data'!E15<='Raw Data'!F15*1.1,"⚠","✘")) -> ⚠ | I24: ='Raw Data'!I15 -> 24 | J24: ='Raw Data'!J15 -> 30 | K24: ='Raw Data'!I15/'Raw Data'!J15 -> 0.8 | L24: ='Raw Data'!K15/100 -> 0.79 | M24: =IF('Raw Data'!C15>='Raw Data'!D15,"✔ On Target",IF('Raw Data'!C15>='Raw Data'!D15*0.9,"⚠ Near Target","✘ Below")) -> ✘ Below
B25: TOTAL / AVG | C25: =SUM('Raw Data'!C4:C15) -> 1803 | D25: =SUM('Raw Data'!D4:D15) -> 1800 | E25: =SUM('Raw Data'!C4:C15)/SUM('Raw Data'!D4:D15) -> 1.0016667 | F25: =AVERAGE('Raw Data'!E4:E15) -> 4.3 | G25: =AVERAGE('Raw Data'!F4:F15) -> 5 | I25: =SUM('Raw Data'!I4:I15) -> 341 | J25: =SUM('Raw Data'!J4:J15) -> 360 | K25: =SUM('Raw Data'!I4:I15)/SUM('Raw Data'!J4:J15) -> 0.94722222 | L25: =AVERAGE('Raw Data'!K4:K15)/100 -> 0.89666667

Sheet Trend Analysis
A1: HIGHWAYS & ENGINEERING — TREND ANALYSIS 2025
A2: Monthly trend charts for key performance indicators — Bolton Council
A4: Month | B4: Repairs Completed | C4: Repair Target | D4: Avg Response (Days) | E4: Response Target | F4: Inspections | G4: Insp. Target | H4: Complaints SLA %
A5: Jan | B5: ='Raw Data'!C4 -> 142 | C5: ='Raw Data'!D4 -> 150 | D5: ='Raw Data'!E4 -> 4.2 | E5: ='Raw Data'!F4 -> 5 | F5: ='Raw Data'!I4 -> 28 | G5: ='Raw Data'!J4 -> 30 | H5: ='Raw Data'!K4 -> 91
A6: Feb | B6: ='Raw Data'!C5 -> 138 | C6: ='Raw Data'!D5 -> 150 | D6: ='Raw Data'!E5 -> 4.8 | E6: ='Raw Data'!F5 -> 5 | F6: ='Raw Data'!I5 -> 26 | G6: ='Raw Data'!J5 -> 30 | H6: ='Raw Data'!K5 -> 88
A7: Mar | B7: ='Raw Data'!C6 -> 155 | C7: ='Raw Data'!D6 -> 150 | D7: ='Raw Data'!E6 -> 3.9 | E7: ='Raw Data'!F6 -> 5 | F7: ='Raw Data'!I6 -> 31 | G7: ='Raw Data'!J6 -> 30 | H7: ='Raw Data'!K6 -> 94
A8: Apr | B8: ='Raw Data'!C7 -> 161 | C8: ='Raw Data'!D7 -> 150 | D8: ='Raw Data'!E7 -> 3.5 | E8: ='Raw Data'!F7 -> 5 | F8: ='Raw Data'!I7 -> 30 | G8: ='Raw Data'!J7 -> 30 | H8: ='Raw Data'!K7 -> 97
A9: May | B9: ='Raw Data'!C8 -> 173 | C9: ='Raw Data'!D8 -> 150 | D9: ='Raw Data'!E8 -> 3.2 | E9: ='Raw Data'!F8 -> 5 | F9: ='Raw Data'!I8 -> 32 | G9: ='Raw Data'!J8 -> 30 | H9: ='Raw Data'!K8 -> 96
A10: Jun | B10: ='Raw Data'!C9 -> 168 | C10: ='Raw Data'!D9 -> 150 | D10: ='Raw Data'!E9 -> 3.8 | E10: ='Raw Data'!F9 -> 5 | F10: ='Raw Data'!I9 -> 29 | G10: ='Raw Data'!J9 -> 30 | H10: ='Raw Data'!K9 -> 92
A11: Jul | B11: ='Raw Data'!C10 -> 159 | C11: ='Raw Data'!D10 -> 150 | D11: ='Raw Data'!E10 -> 4.1 | E11: ='Raw Data'!F10 -> 5 | F11: ='Raw Data'!I10 -> 31 | G11: ='Raw Data'!J10 -> 30 | H11: ='Raw Data'!K10 -> 90
A12: Aug | B12: ='Raw Data'!C11 -> 145 | C12: ='Raw Data'!D11 -> 150 | D12: ='Raw Data'!E11 -> 4.6 | E12: ='Raw Data'!F11 -> 5 | F12: ='Raw Data'!I11 -> 27 | G12: ='Raw Data'!J11 -> 30 | H12: ='Raw Data'!K11 -> 85
A13: Sep | B13: ='Raw Data'!C12 -> 152 | C13: ='Raw Data'!D12 -> 150 | D13: ='Raw Data'!E12 -> 4.3 | E13: ='Raw Data'!F12 -> 5 | F13: ='Raw Data'!I12 -> 30 | G13: ='Raw Data'!J12 -> 30 | H13: ='Raw Data'!K12 -> 93
A14: Oct | B14: ='Raw Data'!C13 -> 148 | C14: ='Raw Data'!D13 -> 150 | D14: ='Raw Data'!E13 -> 4.7 | E14: ='Raw Data'!F13 -> 5 | F14: ='Raw Data'!I13 -> 28 | G14: ='Raw Data'!J13 -> 30 | H14: ='Raw Data'!K13 -> 89
A15: Nov | B15: ='Raw Data'!C14 -> 134 | C15: ='Raw Data'!D14 -> 150 | D15: ='Raw Data'!E14 -> 5.1 | E15: ='Raw Data'!F14 -> 5 | F15: ='Raw Data'!I14 -> 25 | G15: ='Raw Data'!J14 -> 30 | H15: ='Raw Data'!K14 -> 82
A16: Dec | B16: ='Raw Data'!C15 -> 128 | C16: ='Raw Data'!D15 -> 150 | D16: ='Raw Data'!E15 -> 5.4 | E16: ='Raw Data'!F15 -> 5 | F16: ='Raw Data'!I15 -> 24 | G16: ='Raw Data'!J15 -> 30 | H16: ='Raw Data'!K15 -> 79
